{
  "IcoMoonType": "selection",
  "icons": [
    {
      "icon": {
        "paths": [
          "M404.2 448.6c13-9.4 19.2-25 19.2-46.6 0-12-2-21.8-6.2-29.4-4.4-7.6-10-13.6-17.4-17.8-7.2-4.4-15.4-7.4-24.8-9-9.2-1.8-19-2.6-29-2.6h-105.4v119.6h114c20 0.2 36.6-4.6 49.6-14.2z",
          "M422 556.6c-14.8-11.2-34.4-16.8-58.8-16.8h-122.6v141h120.2c11.2 0 21.6-1 31.6-3.2s19-5.6 26.6-10.8c7.6-5 13.8-11.8 18.4-20.4s6.8-19.8 6.8-33.2c0-26.4-7.4-45.2-22.2-56.6z",
          "M928 0h-832c-52.8 0-96 43.2-96 96v832c0 52.8 43.2 96 96 96h832c52.8 0 96-43.2 96-96v-832c0-52.8-43.2-96-96-96zM671.2 269.4h207.4v50.6h-207.4v-50.6zM541.6 686.4c-10 19-23.6 34.4-40.4 46.4-17 12-36.4 20.8-58.2 26.6-21.6 5.8-44 8.6-66.8 8.6h-248.2v-511.8h241.2c24.4 0 46.6 2.2 66.8 6.4 20 4.2 37.2 11.4 51.6 21.2 14.2 9.8 25.4 22.8 33.4 39 7.8 16 11.8 36.2 11.8 60 0 25.8-5.8 47.2-17.6 64.4s-29 31.2-52.2 42.2c31.6 9 54.8 25 70.2 47.6 15.6 22.8 23.2 50.2 23.2 82.2 0.2 26.2-4.8 48.6-14.8 67.2zM959.4 607.2h-267.4c0 29.2 10 57 25.2 72 15.2 14.8 37.2 22.4 65.8 22.4 20.6 0 38.2-5.2 53.2-15.6 14.8-10.4 23.8-21.4 27.2-32.8h89.6c-14.4 44.6-36.2 76.4-66 95.6-29.4 19.2-65.4 28.8-107.2 28.8-29.2 0-55.4-4.8-79-14-23.6-9.4-43.2-22.6-59.8-39.8-16.2-17.2-28.6-37.8-37.6-61.8-8.8-23.8-13.4-50.4-13.4-79 0-27.8 4.6-53.6 13.6-77.6 9.2-24 22-44.8 38.8-62 16.8-17.4 36.8-31.2 60-41.4 23.2-10 48.8-15 77.2-15 31.4 0 58.8 6 82.4 18.4 23.4 12.2 42.6 28.6 57.8 49.2s25.8 44 32.6 70.4c6.6 26 8.8 53.4 7 82.2z",
          "M776.6 463.8c-16.2 0-29.8 2.8-40.4 8.4s-19.2 12.4-25.8 20.4c-6.6 8.2-11 16.8-13.6 26.2-2.6 9-4.2 17.2-4.6 24.4h165.6c-2.4-26-11.4-45.2-23.4-58.6-12.4-13.6-32.8-20.8-57.8-20.8z"
        ],
        "tags": [
          "behance",
          "brand",
          "social"
        ],
        "defaultCode": 60073,
        "grid": 16,
        "attrs": []
      },
      "attrs": [],
      "properties": {
        "name": "behance2",
        "ligatures": "behance2, brand33",
        "order": 21,
        "id": 426,
        "prevSize": 32
      },
      "setIdx": 5,
      "setId": 1,
      "iconIdx": 425
    },
    {
      "icon": {
        "paths": [
          "M694 288h-364c-23.1 0-42 18.9-42 42v364c0 23.1 18.9 42 42 42h364c23.1 0 42-18.9 42-42v-364c0-23.1-18.9-42-42-42zM456 652h-56v-196h56v196zM428 428c-15.489 0-28-12.514-28-28s12.514-28 28-28c15.489 0 28 12.514 28 28s-12.514 28-28 28zM652 652h-56v-112c0-15.489-12.514-28-28-28s-28 12.514-28 28v112h-56v-196h56v34.739c11.55-15.839 29.225-34.739 49-34.739 34.825 0 63 31.325 63 70v126z"
        ],
        "tags": [
          "linkedin",
          "brand",
          "social"
        ],
        "defaultCode": 60105,
        "grid": 16,
        "attrs": []
      },
      "attrs": [],
      "properties": {
        "ligatures": "linkedin, brand64",
        "name": "linkedin",
        "order": 20,
        "id": 458,
        "prevSize": 32,
        "code": 60105
      },
      "setIdx": 5,
      "setId": 1,
      "iconIdx": 457
    }
  ],
  "height": 1024,
  "preferences": {
    "showGlyphs": true,
    "showQuickUse": true,
    "showQuickUse2": true,
    "showSVGs": true,
    "fontPref": {
      "prefix": "icon-",
      "metadata": {
        "fontFamily": "icomoon"
      },
      "metrics": {
        "emSize": 1024,
        "baseline": 6.25,
        "whitespace": 50
      },
      "embed": false
    },
    "imagePref": {
      "prefix": "icon-",
      "png": true,
      "useClassSelector": true,
      "color": 0,
      "bgColor": 16777215,
      "classSelector": ".icon",
      "name": "icomoon",
      "height": 32,
      "columns": 16,
      "margin": 16
    },
    "historySize": 50,
    "showCodes": true,
    "gridSize": 16
  }
}